{
  "2205 Mayfair Westchester IL \t60154": [
    41.84814124055146,
    -87.89146776492046
  ],
  "10049 Drury Ln Westchester IL \t60154": [
    41.86210927535003,
    -87.87393226453614
  ],
  "3511 North Osceola Avenue Chicago IL \t60634": [
    41.94374165,
    -87.81279771878613
  ],
  "524 West Saint Charles Road Villa Park IL \t60181": [
    41.8897358,
    -87.9795894
  ],
  "2608 W 25th St Chicago IL \t60608": [
    41.84659404088485,
    -87.69068534248431
  ]
}